CVE ID	port#	cvss rating	description	link
CVE-2009-2523	135	10.0	The License Logging Server (llssrv.exe) in Microsoft Windows 2000 SP4 allows remote attackers to execute arbitrary code via an RPC message containing a string without a null terminator, which triggers a heap-based buffer overflow in the LlsrLicenseRequestW method, aka "License Logging Server Heap Overflow Vulnerability."	https://nvd.nist.gov/vuln/detail/CVE-2009-2523
CVE-2009-0568	135	10.0	The RPC Marshalling Engine (aka NDR) in Microsoft Windows 2000 SP4, XP SP2 and SP3, Server 2003 SP2, Vista Gold, SP1, and SP2, and Server 2008 SP2 does not properly maintain its internal state, which allows remote attackers to overwrite arbitrary memory locations via a crafted RPC message that triggers incorrect pointer reading, related to "IDL interfaces containing a non-conformant varying array" and FC_SMVARRAY, FC_LGVARRAY, FC_VARIABLE_REPEAT, and FC_VARIABLE_OFFSET, aka "RPC Marshalling Engine Vulnerability."	https://nvd.nist.gov/vuln/detail/CVE-2009-0568
CVE-2009-0228	135	10.0	Stack-based buffer overflow in the EnumeratePrintShares function in Windows Print Spooler Service (win32spl.dll) in Microsoft Windows 2000 SP4 allows remote printer servers to execute arbitrary code via a a crafted ShareName in a response to an RPC request, related to "printing data structures," aka "Buffer Overflow in Print Spooler Vulnerability."	https://nvd.nist.gov/vuln/detail/CVE-2009-0228
CVE-2008-4250	135	10.0	The Server service in Microsoft Windows 2000 SP4, XP SP2 and SP3, Server 2003 SP1 and SP2, Vista Gold and SP1, Server 2008, and 7 Pre-Beta allows remote attackers to execute arbitrary code via a crafted RPC request that triggers the overflow during path canonicalization, as exploited in the wild by Gimmiv.A in October 2008, aka "Server Service Vulnerability."	https://nvd.nist.gov/vuln/detail/CVE-2008-4250
CVE-2008-3479	135	10.0	Heap-based buffer overflow in the Microsoft Message Queuing (MSMQ) service (mqsvc.exe) in Microsoft Windows 2000 SP4 allows remote attackers to read memory contents and execute arbitrary code via a crafted RPC call, related to improper processing of parameters to string APIs, aka "Message Queuing Service Remote Code Execution Vulnerability."	https://nvd.nist.gov/vuln/detail/CVE-2008-3479
CVE-2007-1748	135	10.0	Stack-based buffer overflow in the RPC interface in the Domain Name System (DNS) Server Service in Microsoft Windows 2000 Server SP 4, Server 2003 SP 1, and Server 2003 SP 2 allows remote attackers to execute arbitrary code via a long zone name containing character constants represented by escape sequences.	https://nvd.nist.gov/vuln/detail/CVE-2007-1748
CVE-2006-4691	135	10.0	Stack-based buffer overflow in the NetpManageIPCConnect function in the Workstation service (wkssvc.dll) in Microsoft Windows 2000 SP4 and XP SP2 allows remote attackers to execute arbitrary code via NetrJoinDomain2 RPC messages with a long hostname.	https://nvd.nist.gov/vuln/detail/CVE-2006-4691
CVE-2006-3439	135	10.0	Buffer overflow in the Server Service in Microsoft Windows 2000 SP4, XP SP1 and SP2, and Server 2003 SP1 allows remote attackers, including anonymous users, to execute arbitrary code via a crafted RPC message, a different vulnerability than CVE-2006-1314.	https://nvd.nist.gov/vuln/detail/CVE-2006-3439
CVE-2013-3174	135	9.3	DirectShow in Microsoft Windows XP SP2 and SP3, Windows Server 2003 SP2, Windows Vista SP2, Windows Server 2008 SP2 and R2 SP1, Windows 7 SP1, Windows 8, and Windows Server 2012 allows remote attackers to execute arbitrary code via a crafted GIF file, aka "DirectShow Arbitrary Memory Overwrite Vulnerability."	https://nvd.nist.gov/vuln/detail/CVE-2013-3174
CVE-2010-3139	135	9.3	Untrusted search path vulnerability in Microsoft Windows Progman Group Converter (grpconv.exe) allows local users, and possibly remote attackers, to execute arbitrary code and conduct DLL hijacking attacks via a Trojan horse imm.dll that is located in the same folder as a .grp file.	https://nvd.nist.gov/vuln/detail/CVE-2010-3139
CVE-2010-2729	135	9.3	The Print Spooler service in Microsoft Windows XP SP2 and SP3, Windows Server 2003 SP2, Windows Vista SP1 and SP2, Windows Server 2008 Gold, SP2, and R2, and Windows 7, when printer sharing is enabled, does not properly validate spooler access permissions, which allows remote attackers to create files in a system directory, and consequently execute arbitrary code, by sending a crafted print request over RPC, as exploited in the wild in September 2010, aka "Print Spooler Service Impersonation Vulnerability."	https://nvd.nist.gov/vuln/detail/CVE-2010-2729
CVE-2010-2567	135	9.3	The RPC client implementation in Microsoft Windows XP SP2 and SP3 and Server 2003 SP2 does not properly allocate memory during the parsing of responses, which allows remote RPC servers and man-in-the-middle attackers to execute arbitrary code via a malformed response, aka "RPC Memory Corruption Vulnerability."	https://nvd.nist.gov/vuln/detail/CVE-2010-2567
CVE-2009-1544	135	9.0	Double free vulnerability in the Workstation service in Microsoft Windows allows remote authenticated users to gain privileges via a crafted RPC message to a Windows XP SP2 or SP3 or Server 2003 SP2 system, or cause a denial of service via a crafted RPC message to a Vista Gold, SP1, or SP2 or Server 2008 Gold or SP2 system, aka "Workstation Service Memory Corruption Vulnerability."	https://nvd.nist.gov/vuln/detail/CVE-2009-1544
CVE-2009-0230	135	9.0	The Windows Print Spooler in Microsoft Windows 2000 SP4, XP SP2 and SP3, Server 2003 SP2, Vista Gold, SP1, and SP2, and Server 2008 SP2 allows remote authenticated users to gain privileges via a crafted RPC message that triggers loading of a DLL file from an arbitrary directory, aka "Print Spooler Load Library Vulnerability."	https://nvd.nist.gov/vuln/detail/CVE-2009-0230
CVE-2007-3039	135	9.0	Stack-based buffer overflow in the Microsoft Message Queuing (MSMQ) service in Microsoft Windows 2000 Server SP4, Windows 2000 Professional SP4, and Windows XP SP2 allows attackers to execute arbitrary code via a long string in an opnum 0x06 RPC call to port 2103.  NOTE: this is remotely exploitable on Windows 2000 Server.	https://nvd.nist.gov/vuln/detail/CVE-2007-3039
CVE-2007-2228	135	7.8	rpcrt4.dll (aka the RPC runtime library) in Microsoft Windows XP SP2, XP Professional x64 Edition, Server 2003 SP1 and SP2, Server 2003 x64 Edition and x64 Edition SP2, and Vista and Vista x64 Edition allows remote attackers to cause a denial of service (RPCSS service stop and system restart) via an RPC request that uses NTLMSSP PACKET authentication with a zero-valued verification trailer signature, which triggers an invalid dereference.  NOTE: this also affects Windows 2000 SP4, although the impact is an information leak.	https://nvd.nist.gov/vuln/detail/CVE-2007-2228
CVE-2006-6723	135	7.8	The Workstation service in Microsoft Windows 2000 SP4 and XP SP2 allows remote attackers to cause a denial of service (memory consumption) via a large maxlen value in an NetrWkstaUserEnum RPC request.	https://nvd.nist.gov/vuln/detail/CVE-2006-6723
CVE-2005-3644	135	7.8	PNP_GetDeviceList (upnp_getdevicelist) in UPnP for Microsoft Windows 2000 SP4 and earlier, and possibly Windows XP SP1 and earlier, allows remote attackers to cause a denial of service (memory consumption) via a DCE RPC request that specifies a large output buffer size, a variant of CVE-2006-6296, and a different vulnerability than CVE-2005-2120.	https://nvd.nist.gov/vuln/detail/CVE-2005-3644
CVE-2006-2371	135	7.5	Buffer overflow in the Remote Access Connection Manager service (RASMAN) service in Microsoft Windows 2000 SP4, XP SP1 and SP2, and Server 2003 SP1 and earlier allows remote unauthenticated or authenticated attackers to execute arbitrary code via certain crafted "RPC related requests," that lead to registry corruption and stack corruption, aka the "RASMAN Registry Corruption Vulnerability."	https://nvd.nist.gov/vuln/detail/CVE-2006-2371
CVE-2006-2370	135	7.5	Buffer overflow in the Routing and Remote Access service (RRAS) in Microsoft Windows 2000 SP4, XP SP1 and SP2, and Server 2003 SP1 and earlier allows remote unauthenticated or authenticated attackers to execute arbitrary code via certain crafted "RPC related requests," aka the "RRAS Memory Corruption Vulnerability."	https://nvd.nist.gov/vuln/detail/CVE-2006-2370
CVE-2006-0034	135	7.5	Heap-based buffer overflow in the CRpcIoManagerServer::BuildContext function in msdtcprx.dll for Microsoft Distributed Transaction Coordinator (MSDTC) for Windows NT 4.0 and Windows 2000 SP2 and SP3 allows remote attackers to execute arbitrary code via a long fifth argument to the BuildContextW or BuildContext opcode, which triggers a bug in the NdrAllocate function, aka the MSDTC Invalid Memory Access Vulnerability.	https://nvd.nist.gov/vuln/detail/CVE-2006-0034
CVE-2004-0569	135	7.5	The RPC Runtime Library for Microsoft Windows NT 4.0 allows remote attackers to read active memory or cause a denial of service (system crash) via a malicious message, possibly related to improper length values.	https://nvd.nist.gov/vuln/detail/CVE-2004-0569
CVE-2003-0352	135	7.5	Buffer overflow in a certain DCOM interface for RPC in Microsoft Windows NT 4.0, 2000, XP, and Server 2003 allows remote attackers to execute arbitrary code via a malformed message, as exploited by the Blaster/MSblast/LovSAN and Nachi/Welchia worms.	https://nvd.nist.gov/vuln/detail/CVE-2003-0352
CVE-2003-0003	135	7.5	Buffer overflow in the RPC Locator service for Microsoft Windows NT 4.0, Windows NT 4.0 Terminal Server Edition, Windows 2000, and Windows XP allows local users to execute arbitrary code via an RPC call to the service containing certain parameter information.	https://nvd.nist.gov/vuln/detail/CVE-2003-0003
CVE-2013-3173	135	7.2	Buffer overflow in win32k.sys in the kernel-mode drivers in Microsoft Windows XP SP2 and SP3, Windows Server 2003 SP2, Windows Vista SP2, Windows Server 2008 SP2 and R2 SP1, Windows 7 SP1, Windows 8, Windows Server 2012, and Windows RT allows local users to gain privileges via a crafted application that leverages improper handling of objects in memory, aka "Win32k Buffer Overwrite Vulnerability."	https://nvd.nist.gov/vuln/detail/CVE-2013-3173
CVE-2010-3222	135	7.2	Stack-based buffer overflow in the Remote Procedure Call Subsystem (RPCSS) in Microsoft Windows XP SP2 and SP3 and Server 2003 SP2 allows local users to gain privileges via a crafted LPC message that requests an LRPC connection from an LPC server to a client, aka "LPC Message Buffer Overrun Vulnerability."	https://nvd.nist.gov/vuln/detail/CVE-2010-3222
CVE-2008-4114	135	7.1	srv.sys in the Server service in Microsoft Windows 2000 SP4, XP SP2 and SP3, Server 2003 SP1 and SP2, Vista Gold and SP1, and Server 2008 allows remote attackers to cause a denial of service (system crash) or possibly have unspecified other impact via an SMB WRITE_ANDX packet with an offset that is inconsistent with the packet size, related to "insufficiently validating the buffer size," as demonstrated by a request to the \PIPE\lsarpc named pipe, aka "SMB Validation Denial of Service Vulnerability."	https://nvd.nist.gov/vuln/detail/CVE-2008-4114
CVE-2013-3660	135	6.9	The EPATHOBJ::pprFlattenRec function in win32k.sys in the kernel-mode drivers in Microsoft Windows XP SP2 and SP3, Windows Server 2003 SP2, Windows Vista SP2, Windows Server 2008 SP2 and R2 SP1, Windows 7 SP1, Windows 8, and Windows Server 2012 does not properly initialize a pointer for the next object in a certain list, which allows local users to obtain write access to the PATHRECORD chain, and consequently gain privileges, by triggering excessive consumption of paged memory and then making many FlattenPath function calls, aka "Win32k Read AV Vulnerability."	https://nvd.nist.gov/vuln/detail/CVE-2013-3660
CVE-2009-0079	135	6.9	The RPCSS service in Microsoft Windows XP SP2 and SP3 and Server 2003 SP1 and SP2 does not properly implement isolation among a set of distinct processes that (1) all run under the NetworkService account or (2) all run under the LocalService account, which allows local users to gain privileges by accessing the resources of one of the processes, aka "Windows RPCSS Service Isolation Vulnerability."	https://nvd.nist.gov/vuln/detail/CVE-2009-0079
CVE-2006-0013	135	6.5	Buffer overflow in the Web Client service (WebClnt.dll) for Microsoft Windows XP SP1 and SP2, and Server 2003 up to SP1, allows remote authenticated users or Guests to execute arbitrary code via crafted RPC requests, a different vulnerability than CVE-2005-1207.	https://nvd.nist.gov/vuln/detail/CVE-2006-0013
CVE-2006-6296	135	6.1	The RpcGetPrinterData function in the Print Spooler (spoolsv.exe) service in Microsoft Windows 2000 SP4 and earlier, and possibly Windows XP SP1 and earlier, allows remote attackers to cause a denial of service (memory consumption) via an RPC request that specifies a large 'offered' value (output buffer size), a variant of CVE-2005-3644.	https://nvd.nist.gov/vuln/detail/CVE-2006-6296
CVE-2010-2742	135	5.4	The Netlogon RPC Service in Microsoft Windows Server 2003 SP2 and Server 2008 Gold, SP2, and R2, when the domain controller role is enabled, allows remote attackers to cause a denial of service (NULL pointer dereference and reboot) via a crafted RPC packet, aka "Netlogon RPC Null dereference DOS Vulnerability."	https://nvd.nist.gov/vuln/detail/CVE-2010-2742
CVE-2004-0116	135	5.0	An Activation function in the RPCSS Service involved with DCOM activation for Microsoft Windows 2000, XP, and 2003 allows remote attackers to cause a denial of service (memory consumption) via an activation request with a large length field.	https://nvd.nist.gov/vuln/detail/CVE-2004-0116
CVE-2003-0807	135	5.0	Buffer overflow in the COM Internet Services and in the RPC over HTTP Proxy components for Microsoft Windows NT Server 4.0, NT 4.0 Terminal Server Edition, 2000, XP, and Server 2003 allows remote attackers to cause a denial of service via a crafted request.	https://nvd.nist.gov/vuln/detail/CVE-2003-0807
CVE-2002-1141	135	5.0	An input validation error in the Sun Microsystems RPC library Services for Unix 3.0 Interix SD, as implemented on Microsoft Windows NT4, 2000, and XP, allows remote attackers to cause a denial of service via malformed fragmented RPC client packets, aka "Denial of service by sending an invalid RPC request."	https://nvd.nist.gov/vuln/detail/CVE-2002-1141
CVE-2002-1140	135	5.0	The Sun Microsystems RPC library Services for Unix 3.0 Interix SD, as implemented on Microsoft Windows NT4, 2000, and XP, allows remote attackers to cause a denial of service (service hang) via malformed packet fragments, aka "Improper parameter size check leading to denial of service."	https://nvd.nist.gov/vuln/detail/CVE-2002-1140
CVE-2001-0509	135	5.0	Vulnerabilities in RPC servers in (1) Microsoft Exchange Server 2000 and earlier, (2) Microsoft SQL Server 2000 and earlier, (3) Windows NT 4.0, and (4) Windows 2000 allow remote attackers to cause a denial of service via malformed inputs.	https://nvd.nist.gov/vuln/detail/CVE-2001-0509
CVE-2013-3661	135	4.9	The EPATHOBJ::bFlatten function in win32k.sys in Microsoft Windows XP SP2 and SP3, Windows Server 2003 SP2, Windows Vista SP2, Windows Server 2008 SP2 and R2 SP1, Windows 7 SP1, Windows 8, Windows Server 2012, and Windows RT does not check whether linked-list traversal is continually accessing the same list member, which allows local users to cause a denial of service (infinite traversal) via vectors that trigger a crafted PATHRECORD chain.	https://nvd.nist.gov/vuln/detail/CVE-2013-3661
CVE-2006-2380	135	4.3	Microsoft Windows 2000 SP4 does not properly validate an RPC server during mutual authentication over SSL, which allows remote attackers to spoof an RPC server, aka the "RPC Mutual Authentication Vulnerability."	https://nvd.nist.gov/vuln/detail/CVE-2006-2380
CVE-2004-0124	135	2.6	The DCOM RPC interface for Microsoft Windows NT 4.0, 2000, XP, and Server 2003 allows remote attackers to cause network communications via an "alter context" call that contains additional data, aka the "Object Identity Vulnerability."	https://nvd.nist.gov/vuln/detail/CVE-2004-0124
CVE-2000-0771	135	2.1	Microsoft Windows 2000 allows local users to cause a denial of service by corrupting the local security policy via malformed RPC traffic, aka the "Local Security Policy Corruption" vulnerability.	https://nvd.nist.gov/vuln/detail/CVE-2000-0771
